CombID,Subbasin,UTM_zone,UTM_E,UTM_N,Reach_length,Reach_area,Width_BF,Pool_percent,Pools_per_100m,Wood_count_100m,ReddCount_2km,Predicted
103,UGR,11N,427129.3,5028314.6,-999,-999,-999,-999,-999,-999,0,No
104,UGR,11N,427119.1,5027918.2,-999,-999,-999,-999,-999,-999,0,No
105,UGR,11N,427085.3,5027530.4,-999,-999,-999,-999,-999,-999,0,No
106,UGR,11N,427100.7,5027140.8,-999,-999,-999,-999,-999,-999,0,No
107,UGR,11N,427159.4,5026776.8,-999,-999,-999,-999,-999,-999,0,No
108,UGR,11N,427167.3,5026423.5,-999,-999,-999,-999,-999,-999,0,No
109,UGR,11N,427221,5026040.4,-999,-999,-999,-999,-999,-999,0,No
110,UGR,11N,427211.3,5025651.9,-999,-999,-999,-999,-999,-999,0,No
111,UGR,11N,427267.9,5025275,-999,-999,-999,-999,-999,-999,0,No
112,UGR,11N,427347.3,5024888.9,-999,-999,-999,-999,-999,-999,0,No
113,UGR,11N,427433.5,5024503.5,-999,-999,-999,-999,-999,-999,0,No
114,UGR,11N,427541,5024125.7,-999,-999,-999,-999,-999,-999,0,No
115,UGR,11N,427473.5,5023735.2,-999,-999,-999,-999,-999,-999,0,No
116,UGR,11N,427337.8,5023360.5,-999,-999,-999,-999,-999,-999,0,No
117,UGR,11N,427070.6,5023069.6,-999,-999,-999,-999,-999,-999,0,No
118,UGR,11N,426770.9,5022810.4,-999,-999,-999,-999,-999,-999,0,No
119,UGR,11N,426484.7,5022538.2,-999,-999,-999,-999,-999,-999,0,No
120,UGR,11N,426166.8,5022300.8,-999,-999,-999,-999,-999,-999,0,No
121,UGR,11N,425807,5022416.4,-999,-999,-999,-999,-999,-999,0,No
122,UGR,11N,425410.7,5022438.8,-999,-999,-999,-999,-999,-999,0,No
123,UGR,11N,425021.7,5022392.9,-999,-999,-999,-999,-999,-999,0,No
124,UGR,11N,424646.6,5022287,-999,-999,-999,-999,-999,-999,0,No
125,UGR,11N,424309.1,5022102,-999,-999,-999,-999,-999,-999,0,No
126,UGR,11N,423932.7,5021980.6,-999,-999,-999,-999,-999,-999,0,No
127,UGR,11N,423586.6,5021791,-999,-999,-999,-999,-999,-999,0,No
128,UGR,11N,423226.7,5021638.8,-999,-999,-999,-999,-999,-999,0,No
129,UGR,11N,422829.6,5021655.4,-999,-999,-999,-999,-999,-999,0,No
130,UGR,11N,422461.6,5021559.5,-999,-999,-999,-999,-999,-999,0,No
131,UGR,11N,422069,5021524,-999,-999,-999,-999,-999,-999,0,No
132,UGR,11N,421683.2,5021507.4,-999,-999,-999,-999,-999,-999,0,No
133,UGR,11N,421298.9,5021502.3,-999,-999,-999,-999,-999,-999,0,No
134,UGR,11N,420908.2,5021537.2,-999,-999,-999,-999,-999,-999,0,No
135,UGR,11N,420515.8,5021556.8,-999,-999,-999,-999,-999,-999,0,No
136,UGR,11N,420124.8,5021563.9,-999,-999,-999,-999,-999,-999,0,No
137,UGR,11N,419745.6,5021464.8,-999,-999,-999,-999,-999,-999,0,No
138,UGR,11N,419383.6,5021540.3,-999,-999,-999,-999,-999,-999,0,No
139,UGR,11N,419016.7,5021401.9,-999,-999,-999,-999,-999,-999,0,No
140,UGR,11N,418700.2,5021554.5,-999,-999,-999,-999,-999,-999,0,No
141,UGR,11N,418342.2,5021624.2,-999,-999,-999,-999,-999,-999,0,No
142,UGR,11N,417968.8,5021716.6,-999,-999,-999,-999,-999,-999,0,No
143,UGR,11N,417587.2,5021686.1,-999,-999,-999,-999,-999,-999,0,No
144,UGR,11N,417204.6,5021666.3,-999,-999,-999,-999,-999,-999,0,No
145,UGR,11N,416820.6,5021600.8,-999,-999,-999,-999,-999,-999,0,No
146,UGR,11N,416467.4,5021510.8,-999,-999,-999,-999,-999,-999,0,No
147,UGR,11N,416105.3,5021379.4,-999,-999,-999,-999,-999,-999,0,No
148,UGR,11N,415732,5021449.2,-999,-999,-999,-999,-999,-999,0,No
149,UGR,11N,415362.2,5021368.5,-999,-999,-999,-999,-999,-999,0,No
150,UGR,11N,415001.2,5021526.8,-999,-999,-999,-999,-999,-999,0,No
151,UGR,11N,414623.5,5021592.2,-999,-999,-999,-999,-999,-999,0,No
152,UGR,11N,414249,5021627.7,-999,-999,-999,-999,-999,-999,0,No
153,UGR,11N,413899.9,5021575.2,-999,-999,-999,-999,-999,-999,0,No
154,UGR,11N,413535,5021531.7,-999,-999,-999,-999,-999,-999,0,No
155,UGR,11N,413177.4,5021680.8,-999,-999,-999,-999,-999,-999,0,No
156,UGR,11N,412795.1,5021632,408,11032,28,36,1,1,0,No
157,UGR,11N,412420.4,5021514.8,399,16198,29,56,1,0,0,No
158,UGR,11N,412149.3,5021691.1,398,7503,29,4,0,0,0,No
159,UGR,11N,412103.2,5022061.5,400,5422,29,56,0,2,0,No
160,UGR,11N,411728.6,5021981.2,401,6989,29,37,1,1,0,No
161,UGR,11N,411365.4,5021822.2,402,6459,29,51,1,0,0,No
162,UGR,11N,410981.3,5021728.8,398,7047,29,70,0,0,0,No
163,UGR,11N,410621.1,5021853.6,400,5356,29,32,1,0,0,No
164,UGR,11N,410340,5022129.3,401,3970,29,54,1,0,0,No
165,UGR,11N,409970.5,5022051.9,398,5301,29,32,1,0,0,No
166,UGR,11N,409614.7,5021914.6,424,6721,29,42,1,1,0,No
167,UGR,11N,409369,5022089.1,353,4367,29,78,1,0,0,No
168,UGR,11N,409015.7,5022026.3,402,6817,29,46,1,2,0,No
169,UGR,11N,408642.5,5022081.1,408,6519,29,64,1,1,0,No
170,UGR,11N,408579.4,5022464.5,389,6463,29,68,2,3,0,No
171,UGR,11N,408373.8,5022750,439,6244,29,49,1,2,0,No
172,UGR,11N,407983,5022738.8,399,10248,29,2,0,0,0,No
173,UGR,11N,407589.2,5022740.9,398,10674,29,25,1,0,0,No
174,UGR,11N,407212.3,5022815.5,402,10462,29,38,1,1,0,No
175,UGR,11N,406884.8,5023012.8,493,9147,29,64,1,0,0,No
176,UGR,11N,406515.1,5022876.7,402,10688,29,48,1,0,0,No
177,UGR,11N,406203.4,5022646.9,377,9729,29,42,1,3,0,No
178,UGR,11N,405983.5,5022317,427,9178,29,41,1,1,0,No
179,UGR,11N,405631.6,5022238,406,10226,29,8,0,2,0,No
180,UGR,11N,405294.6,5022443.7,361,6850,29,0,0,0,0,No
181,UGR,11N,404907,5022424.7,397,8006,29,68,0,0,0,No
182,UGR,11N,404545.5,5022262.9,400,7678,28,0,0,1,0,No
183,UGR,11N,404181,5022113.2,446,8885,27,15,0,0,0,No
184,UGR,11N,403970,5021828.8,360,5335,27,21,1,0,0,No
185,UGR,11N,403728.7,5021640.8,445,6784,26,77,1,1,0,No
186,UGR,11N,403374,5021566.8,456,9460,26,45,0,1,0,No
187,UGR,11N,403011.6,5021717.4,396,6432,26,26,0,0,0,No
188,UGR,11N,402660.8,5021889.3,368,8727,26,7,0,0,0,No
189,UGR,11N,402527.4,5021528.8,377,7204,26,0,0,0,0,No
190,UGR,11N,402542.9,5021136.1,345,5458,26,0,0,0,0,No
191,UGR,11N,402877.3,5021040.2,371,4866,26,36,0,0,0,No
192,UGR,11N,403172.3,5020781.4,391,5087,26,0,0,0,0,No
193,UGR,11N,403079.3,5020446.1,394,5115,26,0,0,0,0,No
194,UGR,11N,402772.7,5020196.2,395,5130,26,0,0,0,0,No
195,UGR,11N,402562.1,5019863,392,5099,26,0,0,0,0,No
196,UGR,11N,402265.2,5019614.1,392,5093,26,0,0,0,0,No
197,UGR,11N,402023.9,5019897.2,390,5067,26,0,0,0,0,No
198,UGR,11N,401737.3,5020121.5,392,5099,26,0,0,0,0,No
199,UGR,11N,401419.2,5019888.7,394,5124,26,0,0,0,0,No
200,UGR,11N,401322.1,5019560.9,396,5785,25,0,0,0,0,No
201,UGR,11N,401083.7,5019243.2,395,6694,25,20,0,0,0,No
202,UGR,11N,400704.4,5019298.8,403,6437,25,0,0,0,0,No
203,UGR,11N,400345.5,5019139.6,404,8326,25,7,0,0,0,No
204,UGR,11N,400046.7,5018924.8,376,6213,25,30,0,1,0,No
205,UGR,11N,399962,5018540.8,392,8032,25,21,0,0,0,No
206,UGR,11N,399799.9,5018232.5,269,4278,25,63,1,0,0,No
207,UGR,11N,399482.7,5018380.8,364,5275,25,57,1,1,0,No
208,UGR,11N,399256.3,5018193.7,358,5518,24,51,1,3,0,No
209,UGR,11N,399003.3,5017972.8,407,7599,25,47,1,5,0,No
210,UGR,11N,398660.9,5017929.8,471,7116,25,34,1,1,0,No
211,UGR,11N,398448.2,5017701.3,410,6938,25,50,1,2,0,No
212,UGR,11N,398425.5,5017410.9,390,6793,25,90,1,3,0,No
213,UGR,11N,398052.5,5017336.8,447,6200,25,68,1,6,0,No
214,UGR,11N,397731.3,5017534.2,447,7521,25,69,2,6,0,No
215,UGR,11N,397350,5017536.8,481,7774,25,22,1,1,0,No
216,UGR,11N,397069.3,5017283.5,444,8363,25,28,1,0,0,No
217,UGR,11N,396747.5,5017151.4,494,9060,25,43,1,0,0,No
218,UGR,11N,396615.7,5016776.4,399,6853,24,22,0,0,0,No
219,UGR,11N,396395.6,5016447,393,6294,25,0,0,0,0,No
220,UGR,11N,396060.6,5016533.5,391,6252,25,0,0,0,0,No
221,UGR,11N,395677.7,5016590.3,392,6270,25,0,0,0,0,No
222,UGR,11N,395431.2,5016375,397,6858,25,0,0,0,0,No
223,UGR,11N,395680.8,5016068.5,363,5563,25,44,1,0,0,No
224,UGR,11N,395476,5015763.7,393,6295,25,0,0,0,0,No
225,UGR,11N,395093.9,5015693.7,393,6288,25,0,0,0,0,No
226,UGR,11N,394703.4,5015664.1,394,6304,25,0,0,0,0,No
227,UGR,11N,394450.7,5015360.9,395,6327,24,0,0,0,0,No
228,UGR,11N,394434.7,5015015,392,6263,25,0,0,0,0,No
229,UGR,11N,394824.4,5015012.8,393,6287,25,0,0,0,0,No
230,UGR,11N,394850.8,5014668.4,394,6297,25,0,0,0,0,No
231,UGR,11N,394834.2,5014281.2,392,6269,25,0,0,0,0,No
232,UGR,11N,394522.7,5014220.8,395,6314,25,0,0,0,0,No
233,UGR,11N,394132,5014282.8,394,6306,25,0,0,0,0,No
234,UGR,11N,393737.7,5014245.6,393,6282,25,0,0,0,0,No
235,UGR,11N,393516.3,5013996.2,295,4724,24,0,0,0,0,No
236,UGR,11N,393433.2,5013698.6,336,5379,24,0,0,0,0,Yes
237,UGR,11N,393149.2,5013559.4,297,4756,23,0,0,0,0,Yes
238,UGR,11N,392875,5013446.6,294,4696,23,0,0,0,0,Yes
239,UGR,11N,392852.6,5013666.5,294,4696,23,0,0,0,0,Yes
240,UGR,11N,392946.1,5013926,294,4712,23,0,0,0,0,Yes
241,UGR,11N,392699,5013916,294,4703,23,0,0,0,0,Yes
242,UGR,11N,392444.6,5013773.7,291,4653,23,0,0,0,0,Yes
243,UGR,11N,392315.3,5013507.7,286,4044,23,20,1,4,0,Yes
244,UGR,11N,392213.1,5013244,260,4312,23,56,1,2,0,Yes
245,UGR,11N,391924.7,5013187.7,300,2747,20,9,1,0,0,Yes
246,UGR,11N,391777.1,5012985.4,195,1334,18,50,2,0,0,Yes
247,UGR,11N,391707.7,5012773.7,233,1690,18,40,1,2,0,Yes
249,UGR,11N,391301.6,5012472,313,1612,18,36,2,0,0,Yes
250,UGR,11N,391221.3,5012198.7,401,2954,18,26,1,1,0,Yes
252,UGR,11N,391055.3,5011728.7,238,2575,18,28,1,3,0,Yes
253,UGR,11N,391011.3,5011490.9,329,3568,18,18,1,1,0,Yes
254,UGR,11N,390914.2,5011226.2,338,3741,18,6,1,0,0,Yes
255,UGR,11N,390950.8,5011002.9,175,1932,18,60,1,0,0,Yes
257,UGR,11N,390472.6,5010734.9,498,5190,18,38,1,2,0,Yes
259,UGR,11N,390446.1,5010146.6,261,3463,18,5,1,0,1,Yes
260,UGR,11N,390627.2,5009942.3,300,2440,18,40,2,1,1,Yes
261,UGR,11N,390369.6,5009910.8,298,3953,18,4,0,0,1,Yes
262,UGR,11N,390391.3,5009729.2,180,2125,18,39,1,2,1,Yes
264,UGR,11N,390528.9,5009157.4,478,6689,18,7,0,3,2,Yes
266,UGR,11N,390759.3,5008578.4,282,3952,18,7,0,3,2,Yes
267,UGR,11N,390708.1,5008311.5,307,4293,18,7,0,3,1,Yes
268,UGR,11N,390581.3,5008065.5,303,3657,18,7,0,3,1,Yes
269,UGR,11N,390598.3,5007833.8,186,1741,18,53,2,20,1,Yes
270,UGR,11N,390613.7,5007615.8,247,2486,18,45,2,10,0,Yes
271,UGR,11N,390575.3,5007370.8,303,3187,18,27,1,14,0,Yes
272,UGR,11N,390487.3,5007154,151,1808,16,0,0,6,0,Yes
274,UGR,11N,390436.3,5006682,358,3871,16,10,1,8,0,Yes
277,UGR,11N,390444.7,5006164.8,251,2625,16,5,1,15,0,Yes
278,UGR,11N,390465.2,5005943.1,186,1846,16,2,0,14,0,Yes
279,UGR,11N,390375.9,5005779,194,1946,16,36,3,41,0,Yes
280,UGR,11N,390259.5,5005659.4,174,1934,17,10,1,11,0,Yes
282,UGR,11N,390464.6,5005360.9,166,2286,16,8,1,1,0,Yes
283,UGR,11N,390455.3,5005145.6,281,3648,16,15,1,3,0,Yes
286,UGR,11N,390813.3,5004784.2,186,1540,16,53,5,4,0,Yes
287,UGR,11N,390717.8,5004608.4,239,2118,16,49,5,8,0,Yes
288,UGR,11N,390837,5004434.2,267,2409,16,41,4,6,0,Yes
291,UGR,11N,390878.1,5003977.9,221,2446,16,68,3,13,0,Yes
292,UGR,11N,390857.3,5003777,210,1912,17,31,4,6,0,Yes
293,UGR,11N,390861.3,5003586.1,197,2587,16,31,2,13,0,Yes
296,UGR,11N,390965.7,5003083.6,388,4077,16,24,2,10,0,Yes
297,UGR,11N,391012.7,5002802.9,240,2872,16,20,2,11,1,Yes
298,UGR,11N,391035.7,5002612.4,293,2178,16,45,4,12,1,Yes
299,UGR,11N,391175.3,5002505.8,178,1632,16,41,3,10,1,Yes
300,UGR,11N,391228.7,5002328.8,222,2190,16,32,2,19,1,Yes
301,UGR,11N,391298.8,5002149.3,216,2560,16,14,1,8,1,Yes
302,UGR,11N,391325.4,5001916.9,310,4374,16,11,1,18,1,Yes
305,UGR,11N,391474.5,5001561.3,236,2628,16,3,0,2,1,Yes
306,UGR,11N,391595.6,5001386.2,204,2118,16,20,1,19,1,Yes
307,UGR,11N,391689.3,5001233.5,189,1480,16,35,2,9,1,Yes
309,UGR,11N,391956.1,5000976,209,2326,16,15,1,14,1,Yes
310,UGR,11N,392131.8,5000885.1,209,2437,16,4,0,13,1,Yes
311,UGR,11N,392085.9,5000709.4,218,2556,16,0,0,15,1,Yes
312,UGR,11N,391952.6,5000543.2,317,3922,16,7,1,17,1,Yes
315,UGR,11N,392111.2,5000162.4,244,2417,16,15,1,12,1,Yes
316,UGR,11N,392187.5,4999982.1,198,2000,16,8,0,8,1,Yes
317,UGR,11N,392315.5,4999856.8,202,1976,16,5,0,10,1,Yes
318,UGR,11N,392491.4,4999786.1,192,2510,16,0,0,16,1,Yes
319,UGR,11N,392682.9,4999754.4,190,1908,16,10,0,8,3,Yes
322,UGR,11N,392674.4,4999264.9,326,2977,16,2,0,8,3,Yes
323,UGR,11N,392634.7,4999028.8,173,1573,16,11,1,15,3,Yes
324,UGR,11N,392553.6,4998903.1,195,1932,16,0,0,7,3,Yes
325,UGR,11N,392557.3,4998749.1,195,2274,16,0,0,3,3,Yes
326,UGR,11N,392657.5,4998508.5,340,4354,16,0,0,7,3,Yes
328,UGR,11N,392921.3,4998191.9,196,769,16,20,2,10,3,Yes
329,UGR,11N,392967.6,4998066.5,190,1942,16,14,1,0,3,Yes
330,UGR,11N,393073.6,4997906.1,201,2109,16,3,0,3,3,Yes
331,UGR,11N,393093.7,4997739.6,190,1635,16,6,0,5,3,Yes
332,UGR,11N,392996.7,4997576.8,199,1712,16,0,0,0,3,Yes
333,UGR,11N,392944.9,4997387.2,165,1819,16,0,0,0,3,Yes
334,UGR,11N,392897.8,4997196.3,156,2072,16,0,0,0,3,Yes
335,UGR,11N,392883.3,4997000.9,199,1789,16,23,1,0,3,Yes
336,UGR,11N,392843.5,4996815.5,199,1906,16,12,1,0,3,Yes
337,UGR,11N,392763.2,4996644.6,202,1377,16,13,1,0,3,Yes
338,UGR,11N,392639.3,4996492.8,200,2180,16,0,0,0,3,Yes
339,UGR,11N,392499.5,4996437,201,2066,16,14,1,0,3,Yes
340,UGR,11N,392355.1,4996379.5,200,1923,16,13,1,0,3,Yes
341,UGR,11N,392274.7,4996284.7,201,1485,16,28,1,0,3,Yes
342,UGR,11N,392135.2,4996212.7,201,1314,16,0,0,0,3,Yes
343,UGR,11N,392124.8,4996070.8,200,1644,16,11,1,0,3,Yes
344,UGR,11N,391983.1,4996025.4,200,1256,16,45,1,0,3,Yes
345,UGR,11N,391817.4,4996006.1,168,2050,16,0,0,0,3,Yes
346,UGR,11N,391639.8,4995924.5,201,1375,16,0,0,0,3,Yes
347,UGR,11N,391699.1,4995790.5,201,1760,16,0,1,0,3,Yes
348,UGR,11N,391536,4995848.8,202,1264,16,61,2,0,3,Yes
349,UGR,11N,391424.6,4995760.5,172,2074,16,26,1,0,3,Yes
350,UGR,11N,391487.3,4995635.1,200,1588,16,60,2,0,3,Yes
351,UGR,11N,391356.6,4995533.9,191,1508,16,30,1,0,3,Yes
352,UGR,11N,391342.1,4995458,182,865,13,53,2,0,3,Yes
353,UGR,11N,391320.9,4995330.4,200,884,13,40,2,0,3,Yes
354,UGR,11N,391288.9,4995264.1,201,708,13,68,2,0,3,Yes
355,UGR,11N,391340,4995084.7,165,1316,13,0,0,0,3,Yes
356,UGR,11N,391305,4994957.2,201,762,13,0,0,0,3,Yes
357,UGR,11N,391387.9,4994841.1,200,811,13,1,1,0,3,Yes
358,UGR,11N,391441.9,4994732.2,199,793,13,10,1,0,3,Yes
359,UGR,11N,391571.2,4994666,200,954,13,0,0,0,3,Yes
360,UGR,11N,391560.5,4994500.9,200,1056,13,20,2,0,3,Yes
361,UGR,11N,391631.3,4994366.8,200,1077,13,22,3,0,3,Yes
362,UGR,11N,391787.7,4994304.2,200,742,13,36,1,0,3,Yes
363,UGR,11N,391919.9,4994268.6,199,939,13,0,0,0,3,Yes
364,UGR,11N,392009.7,4994207.9,199,1252,13,0,0,0,3,Yes
365,UGR,11N,392150.8,4994234.6,198,754,13,9,1,0,3,Yes
366,UGR,11N,392290.8,4994178.8,199,891,13,20,1,0,3,Yes
367,UGR,11N,392421.2,4994096.3,201,820,13,46,1,0,3,Yes
368,UGR,11N,392457.9,4993993.3,199,672,13,13,1,0,3,Yes
369,UGR,11N,392574.5,4994022.5,198,775,13,0,0,0,3,Yes
370,UGR,11N,392637.4,4993964.8,199,912,13,0,0,0,3,Yes
371,UGR,11N,392765.1,4993850.3,201,992,13,44,1,0,3,Yes
372,UGR,11N,392937.7,4993850.8,201,1090,13,2,1,0,3,Yes
373,UGR,11N,393119.1,4993810.1,201,1246,13,100,2,0,3,Yes
374,UGR,11N,393295.7,4993771.9,199,827,13,4,1,0,3,Yes
375,UGR,11N,393466,4993820.8,199,1202,13,23,1,0,3,Yes
376,UGR,11N,393659.7,4993800.8,199,1116,13,0,0,0,3,Yes
377,UGR,11N,393835.7,4993864.4,199,1071,13,0,0,0,3,Yes
378,UGR,11N,394001.7,4993888.4,199,954,13,0,0,0,3,Yes
379,UGR,11N,394145.8,4993761.8,200,850,13,0,0,0,3,Yes
380,UGR,11N,394265.3,4993695,200,851,12,0,0,0,3,Yes
381,UGR,11N,394393.5,4993570,234,1820,11,0,0,0,3,Yes
382,UGR,11N,394513.3,4993429.5,230,1722,11,0,0,0,3,Yes
383,UGR,11N,394598.3,4993330.8,203,1231,11,0,0,0,3,Yes
384,UGR,11N,394713.3,4993194.7,241,1401,11,4,0,0,3,Yes
385,UGR,11N,394766.2,4993020.2,232,1817,11,0,0,0,3,Yes
386,UGR,11N,394885.4,4992863.4,228,1710,11,0,0,0,3,Yes
387,UGR,11N,395024.4,4992742.8,294,2091,11,3,0,0,2,Yes
389,UGR,11N,395297.1,4992507.6,160,1212,11,16,1,3,5,Yes
391,UGR,11N,395579.7,4992325.2,233,1181,11,7,1,17,12,Yes
392,UGR,11N,395796.1,4992284.6,270,1987,11,2,0,7,13,Yes
394,UGR,11N,395913.1,4992078.8,153,918,11,25,3,18,13,Yes
395,UGR,11N,395935.3,4991965.6,174,1284,11,6,1,12,17,Yes
396,UGR,11N,396021.2,4991810.8,198,950,11,16,2,14,18,Yes
397,UGR,11N,396121.6,4991900.1,136,1022,11,0,0,28,20,Yes
399,UGR,11N,396367.5,4991663.6,310,2405,11,73,3,18,22,Yes
400,UGR,11N,396520.2,4991558.5,224,1351,11,62,4,19,19,Yes
402,UGR,11N,396620.8,4991253.1,319,2096,11,61,4,22,13,Yes
404,UGR,11N,396653,4990902.3,96,1033,11,62,5,64,12,Yes
405,UGR,11N,396724,4990832.8,137,1001,10,61,4,20,12,Yes
406,UGR,11N,396827.3,4990802.8,106,820,10,84,6,9,12,Yes
408,UGR,11N,397017.8,4990697.2,148,910,9,75,5,17,7,Yes
409,UGR,11N,397109.8,4990632.4,108,637,9,95,6,25,7,Yes
410,UGR,11N,397162.6,4990576.6,80,522,9,97,4,9,7,Yes
411,UGR,11N,397216.9,4990525.2,108,574,9,87,4,13,5,Yes
412,UGR,11N,397301.5,4990468.3,149,972,9,84,4,10,3,Yes
415,UGR,11N,397542.7,4990373.2,122,680,9,78,6,11,2,Yes
416,UGR,11N,397613.8,4990320.4,99,407,9,82,4,6,2,Yes
417,UGR,11N,397611,4990242.3,124,549,9,78,6,9,1,Yes
419,UGR,11N,397748.4,4990059.8,166,873,9,38,2,6,1,Yes
422,UGR,11N,397878.1,4989858.3,115,550,9,58,4,29,1,Yes
423,UGR,11N,397968.7,4989838.8,102,504,9,81,5,11,1,Yes
424,UGR,11N,398051.4,4989788.8,118,640,9,76,5,17,1,Yes
425,UGR,11N,398134.5,4989743.2,89,487,9,61,4,6,1,Yes
426,UGR,11N,398194.4,4989671.1,92,508,9,76,4,16,1,Yes
427,UGR,11N,398233.2,4989600,109,656,9,82,6,21,1,Yes
428,UGR,11N,398280.2,4989478.5,178,1045,9,84,5,12,1,Yes
431,UGR,11N,398458.7,4989461.5,103,545,9,72,5,16,1,Yes
432,UGR,11N,398545.8,4989416.8,111,445,9,86,6,9,1,Yes
433,UGR,11N,398623.9,4989449.2,97,477,9,61,4,29,1,Yes
434,UGR,11N,398706.5,4989468.5,90,344,9,91,7,12,1,Yes
435,UGR,11N,398770.1,4989387.6,121,652,8,85,7,28,1,Yes
436,UGR,11N,398870.6,4989370.8,88,303,8,63,5,11,1,Yes
437,UGR,11N,398955.1,4989339.6,99,472,8,58,6,5,1,Yes
438,UGR,11N,399027.1,4989298.1,108,592,8,94,5,8,1,Yes
439,UGR,11N,399112.3,4989253.8,88,414,8,58,6,1,1,Yes
440,UGR,11N,399157.3,4989184.1,87,294,8,82,5,16,0,Yes
441,UGR,11N,399202.3,4989110.9,78,303,8,77,3,21,0,Yes
442,UGR,11N,399292.6,4989080.5,89,368,8,69,7,19,0,Yes
443,UGR,11N,399361.3,4989019.5,95,480,8,60,7,25,0,Yes
444,UGR,11N,399451.1,4988987.4,90,354,8,42,7,61,0,Yes
445,UGR,11N,399536.4,4988959.7,101,76,8,84,10,67,0,No
446,UGR,11N,399578.3,4988872,-999,-999,-999,-999,-999,-999,0,No
447,UGR,11N,399574.7,4988776.7,-999,-999,-999,-999,-999,-999,0,No
448,UGR,11N,399573,4988693.8,-999,-999,-999,-999,-999,-999,0,No
449,UGR,11N,399568.8,4988595.2,-999,-999,-999,-999,-999,-999,0,No
450,UGR,11N,399586.6,4988504.9,-999,-999,-999,-999,-999,-999,0,No
451,UGR,11N,399572.5,4988418,-999,-999,-999,-999,-999,-999,0,No
452,UGR,11N,399589.3,4988325.7,-999,-999,-999,-999,-999,-999,0,No
453,UGR,11N,399569.3,4988230.3,-999,-999,-999,-999,-999,-999,0,No
454,UGR,11N,399583.2,4988138.7,-999,-999,-999,-999,-999,-999,0,No
455,UGR,11N,399547.3,4988067.7,-999,-999,-999,-999,-999,-999,0,No
456,UGR,11N,399549.4,4987974.8,-999,-999,-999,-999,-999,-999,0,No
457,UGR,11N,399504.4,4987887.9,-999,-999,-999,-999,-999,-999,0,No
458,UGR,11N,399525.3,4987807.3,-999,-999,-999,-999,-999,-999,0,No
459,UGR,11N,399503.3,4987722,-999,-999,-999,-999,-999,-999,0,No
460,UGR,11N,399499.3,4987628.6,-999,-999,-999,-999,-999,-999,0,No
461,UGR,11N,399500.2,4987537.5,-999,-999,-999,-999,-999,-999,0,No
462,UGR,11N,399538.4,4987447.8,-999,-999,-999,-999,-999,-999,0,No
463,UGR,11N,399571.3,4987362.6,-999,-999,-999,-999,-999,-999,0,No
464,UGR,11N,399582.8,4987274.6,-999,-999,-999,-999,-999,-999,0,No
465,UGR,11N,399568,4987180.7,-999,-999,-999,-999,-999,-999,0,No
466,UGR,11N,399530.1,4987091.2,-999,-999,-999,-999,-999,-999,0,No
467,UGR,11N,399537.2,4987000.8,-999,-999,-999,-999,-999,-999,0,No
468,UGR,11N,399546.1,4986919.9,-999,-999,-999,-999,-999,-999,0,No
469,UGR,11N,399534,4986838.8,-999,-999,-999,-999,-999,-999,0,No
470,UGR,11N,399557.3,4986743.3,-999,-999,-999,-999,-999,-999,0,No
471,UGR,11N,399541.5,4986652.3,-999,-999,-999,-999,-999,-999,0,No
472,UGR,11N,399496.8,4986567.2,-999,-999,-999,-999,-999,-999,0,No
473,UGR,11N,399485.3,4986471,-999,-999,-999,-999,-999,-999,0,No
474,UGR,11N,399447.9,4986383.1,-999,-999,-999,-999,-999,-999,0,No
475,UGR,11N,399471.4,4986288.5,-999,-999,-999,-999,-999,-999,0,No
476,UGR,11N,399477.8,4986197.6,-999,-999,-999,-999,-999,-999,0,No
477,UGR,11N,399450.6,4986105,-999,-999,-999,-999,-999,-999,0,No
478,UGR,11N,399478,4986010.9,-999,-999,-999,-999,-999,-999,0,No
479,UGR,11N,399464.8,4985920,-999,-999,-999,-999,-999,-999,0,No
480,UGR,11N,399477.2,4985828.1,-999,-999,-999,-999,-999,-999,0,No
481,UGR,11N,399533.8,4985752.2,-999,-999,-999,-999,-999,-999,0,No
482,UGR,11N,399549.4,4985668.7,-999,-999,-999,-999,-999,-999,0,No
483,UGR,11N,399533.3,4985576.3,-999,-999,-999,-999,-999,-999,0,No
484,UGR,11N,399537.3,4985486.1,-999,-999,-999,-999,-999,-999,0,No
485,UGR,11N,399506.8,4985396.3,-999,-999,-999,-999,-999,-999,0,No
486,UGR,11N,399461.5,4985310.9,-999,-999,-999,-999,-999,-999,0,No
487,UGR,11N,399452.9,4985217.4,-999,-999,-999,-999,-999,-999,0,No
488,UGR,11N,399489.2,4985135.1,-999,-999,-999,-999,-999,-999,0,No
489,UGR,11N,399507.9,4985044.3,-999,-999,-999,-999,-999,-999,0,No
490,UGR,11N,399567.9,4984968.2,-999,-999,-999,-999,-999,-999,0,No
491,UGR,11N,399645.4,4984909.8,-999,-999,-999,-999,-999,-999,0,No
492,UGR,11N,399665.3,4984817.1,-999,-999,-999,-999,-999,-999,0,No
493,UGR,11N,399646,4984724.8,-999,-999,-999,-999,-999,-999,0,No
494,UGR,11N,399613,4984636.4,-999,-999,-999,-999,-999,-999,0,No
495,UGR,11N,399535.3,4984576.1,-999,-999,-999,-999,-999,-999,0,No
496,UGR,11N,399465.7,4984507.1,-999,-999,-999,-999,-999,-999,0,No
497,UGR,11N,399409.6,4984431.1,-999,-999,-999,-999,-999,-999,0,No
498,UGR,11N,399393.5,4984337.1,-999,-999,-999,-999,-999,-999,0,No
499,UGR,11N,399355.3,4984250.6,-999,-999,-999,-999,-999,-999,0,No
500,UGR,11N,399355.8,4984151.4,-999,-999,-999,-999,-999,-999,0,No
501,UGR,11N,399415.3,4984076.5,-999,-999,-999,-999,-999,-999,0,No
502,UGR,11N,399427.2,4983980.9,-999,-999,-999,-999,-999,-999,0,No
503,UGR,11N,399461,4983893.2,-999,-999,-999,-999,-999,-999,0,No
504,UGR,11N,399505.3,4983809.7,-999,-999,-999,-999,-999,-999,0,No
505,UGR,11N,399515.3,4983713.5,-999,-999,-999,-999,-999,-999,0,No
506,UGR,11N,399535.3,4983619.4,-999,-999,-999,-999,-999,-999,0,No
507,UGR,11N,399595.8,4983542.3,-999,-999,-999,-999,-999,-999,0,No
508,UGR,11N,399665.9,4983472.3,-999,-999,-999,-999,-999,-999,0,No
509,UGR,11N,399720.4,4983393.7,-999,-999,-999,-999,-999,-999,0,No
510,UGR,11N,399766.2,4983310.5,-999,-999,-999,-999,-999,-999,0,No
511,UGR,11N,399815.2,4983229.2,-999,-999,-999,-999,-999,-999,0,No
512,UGR,11N,399856.9,4983143.4,-999,-999,-999,-999,-999,-999,0,No
513,UGR,11N,399904.2,4983060,-999,-999,-999,-999,-999,-999,0,No
514,UGR,11N,399955.3,4982980.5,-999,-999,-999,-999,-999,-999,0,No
515,UGR,11N,399949.3,4982882.7,-999,-999,-999,-999,-999,-999,0,No
516,UGR,11N,399905.3,4982800.8,-999,-999,-999,-999,-999,-999,0,No
517,CC,11N,427223.2,5028675.5,217,3180,23,0,0,0,0,No
518,CC,11N,427477.6,5028749.6,297,4792,23,0,0,0,0,No
519,CC,11N,427757.1,5028850.8,276,4564,23,0,0,0,0,No
520,CC,11N,427789.6,5028685,276,5180,24,0,0,0,0,No
521,CC,11N,427817.6,5028411.4,405,9522,24,0,0,0,0,No
522,CC,11N,428208.1,5028346.9,387,9665,23,0,0,0,0,No
523,CC,11N,428195.8,5028060.5,298,7892,23,0,0,0,0,No
524,CC,11N,428122.1,5027723.2,403,10921,23,0,0,0,0,No
525,CC,11N,428129.1,5027367.1,399,11213,23,0,0,0,0,No
526,CC,11N,428454,5027144.6,398,10304,23,0,0,0,0,No
527,CC,11N,428805.5,5027295,393,11877,23,0,0,0,0,No
528,CC,11N,428799.5,5027580.1,291,8602,23,0,0,0,0,No
529,CC,11N,428523.3,5027792.8,401,11948,24,0,0,0,0,No
530,CC,11N,428455,5028161.3,397,11377,23,0,0,0,0,No
531,CC,11N,428658.8,5028123.6,372,9512,24,0,0,0,0,No
532,CC,11N,428982.9,5028250,398,9295,24,0,0,0,0,No
533,CC,11N,429369.9,5028336.8,375,9662,24,0,0,0,0,No
534,CC,11N,429302.7,5028160.6,296,7546,23,0,0,0,0,No
535,CC,11N,429340.2,5027936,399,8937,24,0,0,0,0,No
536,CC,11N,429533.3,5027659.5,287,7200,23,0,0,0,0,No
537,CC,11N,429362.6,5027444.3,294,7508,23,0,0,0,0,No
538,CC,11N,429092.7,5027316.6,299,6959,23,0,0,0,0,No
539,CC,11N,428848.2,5027153.1,298,6972,23,0,0,0,0,No
540,CC,11N,428775.6,5026874.1,300,6582,23,0,0,3,0,No
541,CC,11N,428966.4,5026587.7,402,5986,24,0,0,0,0,No
542,CC,11N,429234.1,5026297.6,365,5839,24,0,0,0,0,No
543,CC,11N,429540.6,5026424.8,394,8067,23,0,0,0,0,No
544,CC,11N,429753.9,5026175.3,286,6484,23,0,0,0,0,No
545,CC,11N,429996.7,5026330.9,295,6462,23,0,0,1,0,No
546,CC,11N,430130.7,5026596.9,295,5910,23,0,0,1,0,No
547,CC,11N,430449.2,5026644.8,373,9600,24,0,0,0,0,No
548,CC,11N,430490.2,5026515.4,293,6078,23,0,0,0,0,No
549,CC,11N,430355.7,5026265,297,5990,23,0,0,0,0,No
550,CC,11N,430173.7,5026040.3,291,6121,23,0,0,0,0,No
551,CC,11N,430242.2,5025796.8,268,5458,23,0,0,0,0,No
552,CC,11N,430486.3,5026035.8,369,7460,23,0,0,1,0,No
553,CC,11N,430727.2,5025984.3,234,4502,23,0,0,3,0,No
554,CC,11N,430659.7,5025754.4,334,6921,24,0,0,2,0,No
555,CC,11N,430607.5,5025372,352,6909,23,0,0,0,0,No
556,CC,11N,430728,5025221.4,356,6542,23,0,0,0,0,No
557,CC,11N,431005.9,5025382.6,252,4733,23,0,0,1,0,No
558,CC,11N,431323.1,5025346.5,363,6560,24,0,0,0,0,No
559,CC,11N,431592.5,5025439.3,250,3451,23,0,0,0,0,No
560,CC,11N,431831.4,5025370.2,241,4138,23,0,0,0,0,No
561,CC,11N,432075.3,5025309.9,231,4331,23,0,0,0,0,No
562,CC,11N,431927.3,5025168.2,302,6988,23,0,0,0,0,No
563,CC,11N,431640.1,5025170.6,263,4687,23,0,0,0,0,No
564,CC,11N,431311.6,5025084.8,351,6239,24,0,0,2,0,No
565,CC,11N,430915,5025072.8,350,5669,23,0,0,4,0,No
566,CC,11N,430806.8,5024851.3,350,5576,24,0,0,0,0,No
567,CC,11N,431031.3,5024581.9,277,4309,23,0,0,0,0,No
568,CC,11N,431211.6,5024519.5,264,4195,23,0,0,0,0,No
569,CC,11N,431320.8,5024785.8,249,3886,23,0,0,0,0,No
570,CC,11N,431475.8,5024688.2,251,3690,23,0,0,1,0,No
571,CC,11N,431549.8,5024473.7,247,3472,23,0,0,0,0,No
572,CC,11N,431781.7,5024500.4,233,3011,23,0,0,0,0,No
573,CC,11N,431631.3,5024245.6,244,3418,23,0,0,0,0,No
574,CC,11N,431766.5,5024222.2,249,3540,23,0,0,1,0,No
575,CC,11N,431969.7,5024412.8,263,3631,23,0,0,11,0,No
576,CC,11N,432257.7,5024361.4,260,3914,23,0,0,4,0,No
577,CC,11N,432489.7,5024181.4,309,7541,23,0,0,4,0,No
578,CC,11N,432828,5024212.6,418,10037,23,0,0,0,0,No
579,CC,11N,432980.5,5023964.2,310,7261,23,0,0,0,0,No
580,CC,11N,433163.2,5023793.5,309,7533,23,0,0,0,0,No
581,CC,11N,433399.1,5023621,325,6521,23,0,0,0,0,No
582,CC,11N,433690.8,5023625.6,292,6178,23,0,0,1,0,No
583,CC,11N,433751.6,5023414.3,299,6926,23,0,0,0,0,No
584,CC,11N,433585,5023235.6,326,7484,23,0,0,0,0,No
585,CC,11N,433920.7,5023244.7,392,8192,23,0,0,0,0,No
586,CC,11N,433827.9,5022943.1,319,6617,23,0,0,0,0,No
587,CC,11N,433926.5,5022762.8,314,6831,23,0,0,0,0,No
588,CC,11N,434198.6,5022697.1,299,6960,23,0,0,0,0,No
589,CC,11N,434454.2,5022582.1,304,6223,23,0,0,0,0,No
590,CC,11N,434277.8,5022347.8,320,6718,23,0,0,0,0,No
591,CC,11N,434037,5022394.4,303,6233,23,0,0,0,0,No
592,CC,11N,433752.2,5022425.1,301,6301,23,0,0,0,0,No
593,CC,11N,433705.3,5022180.1,312,6527,23,0,0,0,0,No
594,CC,11N,433833.1,5021961.4,321,6317,23,0,0,2,0,No
595,CC,11N,434046.8,5022102.5,272,5060,22,0,0,0,0,No
596,CC,11N,434037.6,5021826.5,317,6487,23,0,0,0,0,No
597,CC,11N,434143.6,5021574.3,300,5698,23,0,0,0,0,No
598,CC,11N,433897.5,5021456.1,298,5692,23,0,0,0,0,No
599,CC,11N,433895.3,5021262.8,285,5132,23,0,0,0,0,No
600,CC,11N,433990.7,5021017.2,305,6223,23,0,0,1,0,No
601,CC,11N,434099.2,5020781.5,312,5966,23,0,0,0,0,No
602,CC,11N,433864.1,5020779.6,302,5598,23,0,0,0,0,No
603,CC,11N,433636.9,5020778.3,300,5724,23,0,0,0,0,No
604,CC,11N,433353.7,5020791.4,308,6034,23,0,0,0,0,No
605,CC,11N,433195.4,5020636.6,321,5935,23,0,0,0,0,No
606,CC,11N,433440.8,5020504.8,319,5816,23,0,0,0,0,No
607,CC,11N,433701.3,5020428,296,5174,22,0,0,0,0,No
608,CC,11N,433574.1,5020165.3,324,5861,22,0,0,0,0,No
609,CC,11N,433362.8,5020288.5,320,5672,22,0,0,0,0,No
610,CC,11N,433175.2,5020510.8,293,5242,23,0,0,0,0,No
611,CC,11N,432973.1,5020346,311,5339,22,0,0,0,0,No
612,CC,11N,432900.5,5020133.6,310,5059,23,0,0,1,0,No
613,CC,11N,432920.8,5019878.5,312,4767,22,0,0,0,0,No
614,CC,11N,432691.9,5020029.3,283,4322,22,0,0,0,0,No
615,CC,11N,432563.8,5019906.8,274,4110,23,0,0,0,0,No
616,CC,11N,432686.5,5019754.9,288,4270,22,0,0,0,0,No
617,CC,11N,432474.5,5019580.9,318,4786,22,0,0,0,0,No
618,CC,11N,432285.8,5019357.3,314,4828,22,0,0,0,0,No
619,CC,11N,432273.9,5019113.8,322,4413,22,0,0,0,0,No
620,CC,11N,432437.1,5018891.9,315,4217,22,0,0,0,0,No
621,CC,11N,432239.7,5019003.9,271,3549,22,0,0,0,0,No
622,CC,11N,432056.8,5018843,306,4085,22,0,0,0,0,No
623,CC,11N,432093.1,5018581.1,310,3877,22,0,0,0,0,No
624,CC,11N,432161.1,5018314.6,323,4265,23,0,0,1,0,No
625,CC,11N,431976.9,5018445.5,300,3843,22,0,0,0,0,No
626,CC,11N,431703.4,5018388.8,299,3362,22,0,0,0,0,No
627,CC,11N,431654,5018189.5,289,3700,22,0,0,0,0,No
628,CC,11N,431836,5018100.8,327,3986,22,0,0,0,0,No
629,CC,11N,432030.7,5018060.8,276,3446,22,0,0,0,0,No
630,CC,11N,432023.9,5017927.6,327,3483,22,0,0,0,0,No
631,CC,11N,432184.4,5017793.1,348,4035,22,0,0,2,0,No
632,CC,11N,432147.3,5017561.5,340,4281,22,0,0,0,0,No
633,CC,11N,432031.9,5017302.4,367,3953,22,0,0,0,0,No
634,CC,11N,431994,5017022.8,362,4697,22,0,0,0,0,No
635,CC,11N,432010.3,5016871.8,303,3664,22,0,0,0,0,No
636,CC,11N,432107.3,5016629.9,314,3271,21,0,0,0,0,No
637,CC,11N,431933.3,5016628.4,300,1821,21,0,0,0,0,No
638,CC,11N,431833,5016564.4,231,2348,21,0,0,0,0,No
639,CC,11N,431692.9,5016503.1,289,2669,21,0,0,2,0,No
640,CC,11N,431398.9,5016528.8,346,2470,21,0,0,0,0,No
641,CC,11N,431104.2,5016543.7,318,3435,21,0,0,0,0,No
642,CC,11N,430901.3,5016602.5,303,3238,21,0,0,0,0,No
643,CC,11N,430785.9,5016544.5,279,2780,21,0,0,0,0,No
644,CC,11N,430643.9,5016698.6,326,2772,21,0,0,0,0,No
645,CC,11N,430667,5016415.3,316,2842,21,0,0,0,0,No
646,CC,11N,430519.5,5016573.4,350,3272,21,0,0,0,0,No
647,CC,11N,430407,5016779.3,343,3098,21,0,0,0,0,No
648,CC,11N,430460.5,5016531.2,276,2506,21,0,0,1,0,No
649,CC,11N,430262.9,5016488.3,308,2632,21,0,0,0,0,No
650,CC,11N,430012.4,5016503.9,322,1471,21,0,0,2,0,No
651,CC,11N,429832.9,5016459.6,283,1419,21,0,0,1,0,No
652,CC,11N,429811.7,5016649.3,256,1198,21,0,0,1,0,No
653,CC,11N,429576.3,5016716.8,283,1125,21,0,0,0,0,No
654,CC,11N,429402.8,5016934.8,316,1995,21,0,0,1,0,No
655,CC,11N,429437.3,5016720.6,272,1760,21,0,0,1,0,No
656,CC,11N,429196.3,5016715.1,323,1053,21,0,0,0,0,No
657,CC,11N,429070.7,5016582.4,275,1688,21,0,0,0,0,No
658,CC,11N,428828.7,5016540.8,290,1652,21,0,0,1,0,No
659,CC,11N,428559.9,5016563.7,279,857,21,0,0,1,0,No
660,CC,11N,428429.3,5016752.3,311,1558,21,0,0,1,0,No
661,CC,11N,428264.2,5016812.9,240,764,21,0,0,0,0,No
662,CC,11N,428298.3,5017047.5,314,1696,21,0,0,1,0,No
663,CC,11N,428096.2,5017078.1,293,1419,21,0,0,1,0,No
664,CC,11N,428000.5,5016907.9,277,1954,20,0,0,0,0,No
665,CC,11N,427739.3,5016897.4,326,1548,21,0,0,0,0,No
666,CC,11N,427909.5,5016676.6,311,1394,20,0,0,1,0,No
667,CC,11N,427936.4,5016401.7,306,1709,20,0,0,1,0,No
668,CC,11N,427798.1,5016170.6,318,2150,20,0,0,3,0,No
669,CC,11N,427575.6,5015997.6,306,1996,20,0,0,4,0,No
670,CC,11N,427525.2,5015788.8,296,3033,20,0,0,2,0,No
671,CC,11N,427256.6,5015693.6,314,3458,21,0,0,4,0,No
672,CC,11N,427148.5,5015426.9,304,3086,20,0,0,0,0,No
673,CC,11N,426999.8,5015192.1,304,2603,20,0,0,3,0,No
674,CC,11N,426765.7,5015074,303,2352,20,0,0,1,0,No
675,CC,11N,426541.3,5014980.9,313,2305,21,0,0,2,0,No
676,CC,11N,426495.3,5014694.1,325,2578,20,0,0,1,0,No
677,CC,11N,426618,5014440.8,286,2014,19,0,0,0,0,No
678,CC,11N,426626.2,5014177.9,299,2078,19,0,0,0,0,No
679,CC,11N,426847.8,5014007.3,304,2410,19,0,0,1,0,No
680,CC,11N,426921.4,5013739.6,306,2367,19,0,0,0,0,No
681,CC,11N,427162,5013601.2,293,2730,19,0,0,5,0,No
682,CC,11N,427214.2,5013335.4,306,2837,19,0,0,2,0,No
683,CC,11N,427241.9,5013049,287,2864,19,0,0,4,0,No
684,CC,11N,427279.7,5012781.6,280,2434,19,0,0,0,0,No
685,CC,11N,427315.9,5012529,317,2041,19,0,0,0,0,No
686,CC,11N,427398.3,5012297.8,274,1872,19,0,0,5,0,No
687,CC,11N,427536.4,5012081.6,297,2512,19,0,0,0,0,No
688,CC,11N,427522.7,5011834.8,298,1930,19,0,0,0,0,No
689,CC,11N,427338,5011602.8,309,2167,19,0,0,0,0,No
690,CC,11N,427151.1,5011372.6,303,2415,20,0,0,2,0,No
691,CC,11N,426962.3,5011143.8,315,1942,19,0,0,0,0,No
692,CC,11N,426942.9,5010874,297,1701,19,6,0,3,0,No
693,CC,11N,426984.5,5010589.7,308,3079,19,0,0,0,0,No
694,CC,11N,427178.8,5010402.8,308,3082,19,0,0,0,0,No
695,CC,11N,427444.7,5010379.2,311,3114,19,0,0,0,0,No
696,CC,11N,427616.2,5010132.2,313,3127,19,0,0,0,0,No
697,CC,11N,427707.3,5009863,309,3091,20,0,0,0,0,No
698,CC,11N,427675.3,5009623.9,226,2257,19,0,0,0,0,No
699,CC,11N,427664.9,5009353.6,326,3257,19,0,0,0,0,No
700,CC,11N,427846.7,5009196.7,275,2751,19,0,0,0,0,No
701,CC,11N,427983,5008947.2,294,2945,18,0,0,0,0,Yes
702,CC,11N,427995.5,5008754.3,196,1955,18,0,0,0,0,Yes
703,CC,11N,427924.5,5008598.2,197,1972,17,0,0,0,0,Yes
704,CC,11N,427965.3,5008387.3,297,2966,18,0,0,0,0,Yes
705,CC,11N,427958.8,5008112.9,300,2598,17,0,0,0,0,Yes
706,CC,11N,428001,5007927.7,302,2558,17,0,0,1,0,Yes
707,CC,11N,428077.6,5007706.2,246,2418,17,0,0,4,0,Yes
708,CC,11N,428326.5,5007786.5,260,2750,17,0,0,6,0,Yes
709,CC,11N,428482,5007644.8,231,2378,17,0,0,5,0,Yes
711,CC,11N,428668.4,5007487.6,438,2266,17,64,1,2,0,Yes
712,CC,11N,428884.3,5007361.8,241,2052,17,46,2,1,0,Yes
713,CC,11N,429118,5007249.2,324,3263,17,77,2,0,0,Yes
715,CC,11N,429393.5,5007214.2,362,3291,17,71,1,2,0,Yes
716,CC,11N,429477.5,5006958.6,204,1906,17,69,2,0,0,Yes
717,CC,11N,429569.1,5006764.1,285,1935,17,77,2,10,0,Yes
718,CC,11N,429808.4,5006656.8,308,2513,17,31,1,5,0,Yes
719,CC,11N,430053.4,5006646.1,210,1944,18,12,0,4,0,Yes
721,CC,11N,430485.9,5006810.4,153,1039,17,90,3,6,0,Yes
723,CC,11N,430774.3,5006836.8,128,1288,17,16,1,1,0,Yes
725,CC,11N,431366.9,5006856.8,365,3722,18,31,1,3,0,Yes
726,CC,11N,431662.1,5006850.8,297,2676,17,46,0,3,0,Yes
727,CC,11N,431905.3,5006685.5,404,3785,17,12,1,1,0,Yes
729,CC,11N,432364.1,5006637.6,308,3055,17,7,0,3,0,Yes
730,CC,11N,432604.6,5006664.7,366,3243,16,0,0,3,0,Yes
732,CC,11N,433064.3,5006460.5,215,2409,16,0,0,2,0,Yes
733,CC,11N,433225.3,5006289.9,246,2173,17,0,0,1,0,Yes
735,CC,11N,433458.4,5006001.5,198,2053,17,0,0,1,0,Yes
737,CC,11N,433831.6,5005612.5,258,2667,17,7,0,3,0,Yes
738,CC,11N,433972.5,5005369.4,269,3869,17,0,0,4,0,Yes
739,CC,11N,434087.9,5005155,189,2465,17,0,0,11,0,Yes
740,CC,11N,434202.6,5004949.1,279,3224,17,9,0,3,0,Yes
741,CC,11N,434429.9,5004758.4,276,2847,17,36,1,5,0,Yes
742,CC,11N,434645.1,5004610.8,269,2891,17,0,0,4,0,Yes
743,CC,11N,434914.5,5004496,270,3673,17,22,2,2,0,Yes
744,CC,11N,435025.5,5004230.4,280,3908,17,0,0,5,2,Yes
745,CC,11N,435140.2,5004009.6,201,2465,17,0,0,2,2,Yes
747,CC,11N,435565.3,5003518.3,222,2215,17,46,2,53,3,Yes
748,CC,11N,435716.4,5003341.8,286,2856,17,46,2,53,6,Yes
749,CC,11N,435876.4,5003176.8,364,3638,17,46,2,53,6,Yes
751,CC,11N,436210.8,5002871.7,217,2166,17,46,2,53,4,Yes
752,CC,11N,436327,5002714.2,284,2838,17,46,2,53,4,Yes
753,CC,11N,436528.5,5002643.9,211,2107,17,46,2,53,4,Yes
755,CC,11N,436879.1,5002316.3,312,3330,17,20,1,6,3,Yes
756,CC,11N,437097.3,5002192,285,3716,17,21,1,2,1,Yes
758,CC,11N,437312,5001723.7,387,4646,17,0,0,3,2,Yes
759,CC,11N,437598.8,5001559.1,333,4014,17,6,0,3,2,Yes
760,CC,11N,437722.5,5001302,316,4892,17,23,0,2,3,Yes
761,CC,11N,437884.4,5001058.2,321,4381,17,0,0,4,2,Yes
762,CC,11N,438088,5000847,308,3884,17,0,0,2,2,Yes
763,CC,11N,438197.8,5000639.3,262,2757,17,0,0,2,2,Yes
764,CC,11N,438287.2,5000450.2,328,3838,17,15,0,10,2,Yes
765,CC,11N,438561.5,5000434.8,314,3593,17,0,0,6,2,Yes
766,CC,11N,438860.7,5000478.8,335,4044,17,0,0,6,2,Yes
768,CC,11N,439280.6,5000539.7,160,1628,17,0,0,7,2,Yes
769,CC,11N,439568.7,5000406.6,257,1396,17,0,0,3,6,Yes
770,CC,11N,439881.2,5000213.5,190,2314,17,0,0,4,10,Yes
771,CC,11N,440083.7,5000136.9,247,3084,17,0,0,4,10,Yes
773,CC,11N,440457.5,5000178.2,221,3015,17,17,0,3,13,Yes
774,CC,11N,440810,5000029,196,2389,17,8,0,2,13,Yes
775,CC,11N,441019.3,4999969.4,252,3739,17,0,0,2,12,Yes
777,CC,11N,441395.3,5000081.5,177,1878,17,11,1,2,8,Yes
778,CC,11N,441830.6,5000073,343,4337,17,20,0,5,11,Yes
780,CC,11N,442217.3,4999759,287,3688,17,0,0,2,10,Yes
781,CC,11N,442333.8,4999567.1,191,2952,17,0,0,2,9,Yes
782,CC,11N,442498.3,4999516.8,153,2110,17,0,0,1,9,Yes
784,CC,11N,442905.6,4999330.6,324,3989,17,0,0,4,15,Yes
786,CC,11N,443252.4,4998917.2,315,2977,17,26,1,2,15,Yes
787,CC,11N,443372.4,4998677.1,230,2653,15,41,2,6,15,Yes
788,CC,11N,443439,4998501.2,207,1308,15,52,2,3,17,Yes
789,CC,11N,443618.6,4998339.9,285,3320,15,22,0,7,18,Yes
791,CC,11N,443993,4998177.3,230,2199,15,56,3,10,18,Yes
793,CC,11N,444284.2,4997912.2,236,2340,15,21,1,24,15,Yes
794,CC,11N,444344,4997755.9,178,2260,15,17,1,21,16,Yes
796,CC,11N,444630.4,4997437.8,213,3713,15,3,0,0,15,Yes
797,CC,11N,444769.2,4997292.8,247,2179,15,13,1,9,13,Yes
800,CC,11N,444983.9,4996890.4,234,2237,15,8,0,5,12,Yes
802,CC,11N,445366.6,4996790.8,232,1770,15,7,0,12,10,Yes
804,CC,11N,445719.6,4996644.3,185,2325,15,5,0,3,8,Yes
805,CC,11N,445827.3,4996485,224,3274,15,5,0,7,7,Yes
808,CC,11N,446109.5,4996193.4,285,3853,15,32,0,3,6,Yes
809,CC,11N,446324.9,4996175.1,198,2027,15,21,0,4,5,Yes
810,CC,11N,446503.6,4996154.8,191,1574,15,17,0,6,5,Yes
811,CC,11N,446684.9,4996123.8,228,2276,15,5,0,12,3,Yes
813,CC,11N,447006.4,4995997.7,192,2121,15,13,0,11,4,Yes
814,CC,11N,447192.4,4995870.2,284,3349,15,0,0,4,4,Yes
816,CC,11N,447568.2,4995898.1,157,1982,15,44,1,2,4,Yes
817,CC,11N,447696.8,4995958,168,1982,15,0,0,2,2,Yes
818,CC,11N,447801.2,4996100.8,186,1842,15,7,0,6,2,Yes
819,CC,11N,447891.7,4996258.8,186,2170,15,15,0,4,2,Yes
820,CC,11N,448075.3,4996321.4,190,2203,15,0,0,6,2,Yes
821,CC,11N,448251.3,4996393.5,185,1553,15,9,0,19,2,Yes
822,CC,11N,448433.7,4996409.2,190,1542,15,23,1,13,2,Yes
823,CC,11N,448596.1,4996490.6,173,1816,15,0,0,6,0,Yes
824,CC,11N,448784.6,4996471.2,189,1761,15,0,0,4,0,Yes
825,CC,11N,448981.8,4996477.2,221,1752,15,0,0,2,0,Yes
826,CC,11N,449147.7,4996530.4,202,1038,12,8,2,1,0,Yes
827,CC,11N,449305.4,4996668.2,216,1604,12,16,1,4,0,Yes
829,CC,11N,449635.1,4996782.6,203,1426,12,13,2,1,0,Yes
830,CC,11N,449749.1,4996948,197,1536,12,6,2,5,0,Yes
831,CC,11N,449836.6,4997106.7,179,1418,12,7,1,2,0,Yes
833,CC,11N,450090,4997390.1,218,1520,12,1,0,5,0,Yes
834,CC,11N,450280.9,4997515.1,191,1405,12,10,1,2,0,Yes
835,CC,11N,450404.7,4997644.8,136,956,11,21,2,2,0,Yes
836,CC,11N,450521.7,4997737.2,199,1512,11,16,3,13,0,Yes
837,CC,11N,450630,4997887.4,198,1734,11,13,2,2,0,Yes
838,CC,11N,450743.3,4998042.5,198,1528,11,12,2,3,0,Yes
839,CC,11N,450795.8,4998179.1,203,1659,11,7,2,2,0,Yes
840,CC,11N,450919,4998326.3,186,1521,11,15,2,6,0,Yes
841,CC,11N,450957.3,4998513.4,175,1304,11,16,2,8,0,Yes
842,CC,11N,451028.5,4998682.3,207,1524,11,2,0,6,0,Yes
843,CC,11N,451047.3,4998865.5,184,1253,11,5,1,13,0,Yes
844,CC,11N,451109.8,4999025.3,206,1400,11,15,2,9,0,Yes
845,CC,11N,451185.3,4999202.8,218,1732,11,10,1,5,0,Yes
846,CC,11N,451295.9,4999364.4,212,1877,11,2,0,3,0,Yes
847,CC,11N,451359.4,4999548.8,202,1780,11,2,0,4,0,Yes
848,CC,11N,451351.2,4999740.4,173,987,11,18,2,5,0,Yes
849,CC,11N,451367.2,4999914.2,192,1342,11,6,1,4,0,Yes
850,CC,11N,451473.4,5000062.8,233,1502,10,1,0,7,0,Yes
866,CC,11N,449126.2,4996438.8,110,758,10,10,2,3,0,Yes
867,CC,11N,449219,4996484.3,100,853,10,4,2,2,0,Yes
868,CC,11N,449293.9,4996513.1,86,511,10,0,0,2,0,Yes
869,CC,11N,449380.8,4996469.7,108,565,10,0,0,0,0,Yes
870,CC,11N,449507.9,4996408.9,190,980,10,19,4,7,0,Yes
872,CC,11N,449604.5,4996309.1,93,379,10,13,1,6,0,Yes
873,CC,11N,449667.4,4996250.1,99,437,10,18,2,5,0,Yes
874,CC,11N,449720.3,4996171.9,96,584,10,0,0,5,0,Yes
875,CC,11N,449782,4996095.5,102,529,10,27,4,16,0,Yes
876,CC,11N,449851.3,4996021.9,92,451,10,13,2,4,0,Yes
879,CC,11N,450047.8,4995882.8,154,817,10,11,3,0,0,Yes
880,CC,11N,450155.7,4995928.8,82,416,10,14,2,9,0,Yes
881,CC,11N,450235.3,4995877.4,102,546,10,0,0,4,0,Yes
883,CC,11N,450283.3,4995750.7,195,1351,10,0,0,12,0,Yes
884,CC,11N,450407.1,4995653.4,147,920,10,11,2,11,0,Yes
888,CC,11N,450578.3,4995436.4,193,1163,10,16,3,15,0,Yes
889,CC,11N,450678.6,4995438,94,500,10,21,2,7,0,Yes
890,CC,11N,450741.5,4995363.5,102,595,10,6,1,1,0,Yes
891,CC,11N,450807.5,4995292.5,97,641,10,0,0,17,0,Yes
892,CC,11N,450880.2,4995225.8,96,517,10,14,1,8,0,Yes
893,CC,11N,450967.5,4995182.8,86,537,10,3,1,2,0,Yes
894,CC,11N,451018.6,4995112.9,91,481,10,28,4,21,0,Yes
895,CC,11N,451053.7,4995025.6,97,488,10,14,1,3,0,Yes
896,CC,11N,451075.3,4994931.5,102,656,10,15,3,16,0,Yes
897,CC,11N,451079.4,4994834.7,100,637,10,4,2,16,0,Yes
898,CC,11N,451117.4,4994745.7,97,531,10,0,0,3,0,Yes
899,CC,11N,451181.5,4994680.5,93,546,10,0,0,5,0,Yes
900,CC,11N,451248.4,4994619.1,92,520,10,10,2,19,0,Yes
901,CC,11N,451325.3,4994568.7,88,404,10,22,2,17,0,Yes
902,CC,11N,451368.2,4994488.9,99,647,10,5,1,6,0,Yes
903,CC,11N,451457.8,4994475,87,594,10,0,0,16,0,Yes
904,CC,11N,451551.9,4994450.8,94,549,10,6,1,5,0,Yes
905,CC,11N,451647,4994432.3,106,577,10,6,1,8,0,Yes
906,CC,11N,451730.2,4994392,94,562,10,12,2,12,0,Yes
907,CC,11N,451814.7,4994367.7,84,548,10,0,0,2,0,Yes
908,CC,11N,451884.4,4994326.5,92,432,10,0,0,4,0,Yes
909,CC,11N,451964.7,4994279.9,99,110,10,0,0,29,0,Yes
910,CC,11N,452053.4,4994261.5,-999,-999,-999,-999,-999,-999,0,No
911,CC,11N,452146.1,4994268.8,-999,-999,-999,-999,-999,-999,0,No
912,CC,11N,452222.5,4994325.9,-999,-999,-999,-999,-999,-999,0,No
913,CC,11N,452311.3,4994338.8,-999,-999,-999,-999,-999,-999,0,No
914,CC,11N,452406,4994316.8,-999,-999,-999,-999,-999,-999,0,No
915,CC,11N,452473.8,4994371.5,-999,-999,-999,-999,-999,-999,0,No
916,CC,11N,452527.2,4994454.6,-999,-999,-999,-999,-999,-999,0,No
917,CC,11N,452609.7,4994504,-999,-999,-999,-999,-999,-999,0,No
918,CC,11N,452696.9,4994464.3,-999,-999,-999,-999,-999,-999,0,No
919,CC,11N,452788.4,4994490.5,-999,-999,-999,-999,-999,-999,0,No
920,CC,11N,452870,4994481,-999,-999,-999,-999,-999,-999,0,No
921,CC,11N,452939,4994549.6,-999,-999,-999,-999,-999,-999,0,No
922,CC,11N,452990.5,4994630.3,-999,-999,-999,-999,-999,-999,0,No
923,CC,11N,453074,4994594.8,-999,-999,-999,-999,-999,-999,0,No
924,CC,11N,453170.6,4994578.8,-999,-999,-999,-999,-999,-999,0,No
925,CC,11N,453265.1,4994573.3,-999,-999,-999,-999,-999,-999,0,No
926,CC,11N,453340.8,4994630.8,-999,-999,-999,-999,-999,-999,0,No
927,CC,11N,453427.4,4994667.5,-999,-999,-999,-999,-999,-999,0,No
928,CC,11N,453514.7,4994689.8,-999,-999,-999,-999,-999,-999,0,No
929,CC,11N,453596.7,4994734.2,-999,-999,-999,-999,-999,-999,0,No
930,CC,11N,453685.8,4994767.8,-999,-999,-999,-999,-999,-999,0,No
931,CC,11N,453779.2,4994798.8,-999,-999,-999,-999,-999,-999,0,No
932,CC,11N,453876,4994792.4,-999,-999,-999,-999,-999,-999,0,No
933,CC,11N,453959.7,4994793.2,-999,-999,-999,-999,-999,-999,0,No
934,CC,11N,454051.5,4994784.8,-999,-999,-999,-999,-999,-999,0,No
935,CC,11N,454150.1,4994786.5,-999,-999,-999,-999,-999,-999,0,No
936,CC,11N,454242.3,4994756.8,-999,-999,-999,-999,-999,-999,0,No
937,CC,11N,454338.6,4994771.2,-999,-999,-999,-999,-999,-999,0,No
938,CC,11N,454429.7,4994740.7,-999,-999,-999,-999,-999,-999,0,No
939,CC,11N,454516.1,4994754.7,-999,-999,-999,-999,-999,-999,0,No
940,CC,11N,454609.7,4994734.7,-999,-999,-999,-999,-999,-999,0,No
941,CC,11N,454695.5,4994693.4,-999,-999,-999,-999,-999,-999,0,No
942,CC,11N,454777.2,4994640.2,-999,-999,-999,-999,-999,-999,0,No
943,CC,11N,454872.3,4994626.8,-999,-999,-999,-999,-999,-999,0,No
1001,CC,11N,430243.8,5006624.8,168,2099,17,9,1,1,0,Yes
1002,CC,11N,431133.2,5006820.8,218,2175,17,24,0,1,0,Yes
1003,CC,11N,433692.2,5005722.9,181,1120,17,0,0,2,0,Yes
1004,CC,11N,439414.8,5000451.3,257,1942,17,0,0,2,5,Yes
1005,CC,11N,439691.3,5000314,206,2226,17,0,0,4,10,Yes
1006,CC,11N,440621,5000069.6,182,2090,17,16,0,5,13,Yes
1007,CC,11N,441588.5,5000118.8,208,2928,17,3,0,9,8,Yes
